Workbook

Sheet README
A1: Supplementary gene-module signatures
A3: Field | B3: Details
A4: Purpose | B4: Exact TCR and BCR gene signatures used for manuscript module-score analyses.
A5: Generated | B5: 2026-07-10
A6: Table S1 | B6: 17 TCR modules; compact module-level table plus one-gene-per-row companion sheet.
A7: Table S2 | B7: 19 BCR modules; compact module-level table plus one-gene-per-row companion sheet.
A8: TCR source directory | B8: C:\Users\johng\OneDrive\Desktop\TCR Module Scores
A9: BCR source directory | B9: C:\Users\johng\OneDrive\Desktop\BCR Module Scores
A10: Scoring note | B10: Source scripts calculated module scores from genes present in the normalized RNA expression matrix. Gene order is preserved exactly as specified in the scripts.

Sheet Table S1 TCR modules
A1: Supplementary Table S1. TCR gene signatures used for module-score analyses
A2: Gene symbols and order reproduce the analysis scripts exactly; module numbering is assigned here for reporting convenience.
A3: Module ID | B3: Module key | C3: Display label | D3: Gene count | E3: Gene signature
A4: T01 | B4: Naive_central_memory | C4: Naive central memory | D4: =COUNTIF('TCR genes long'!$B$2:$B$242,B4) -> 15 | E4: CCR7, SELL, TCF7, LEF1, IL7R, LTB, MAL, NOSIP, SATB1, BACH2, KLF2, S1PR1, CD27, CD28, BCL2
A5: T02 | B5: Recent_TCR_stimulation_immediate_early | C5: Recent TCR stimulation immediate early | D5: =COUNTIF('TCR genes long'!$B$2:$B$242,B5) -> 20 | E5: NR4A1, NR4A2, NR4A3, EGR1, EGR2, EGR3, FOS, JUN, JUNB, DUSP1, DUSP2, DUSP4, DUSP5, CD69, IL2RA, NFKBIA, NFKBIZ, REL, IRF4, BATF
A6: T03 | B6: Effector_cytotoxicity | C6: Effector cytotoxicity | D6: =COUNTIF('TCR genes long'!$B$2:$B$242,B6) -> 18 | E6: NKG7, GNLY, PRF1, GZMB, GZMA, GZMH, GZMK, GZMM, CTSW, CST7, FGFBP2, CCL5, CCL4, CCL3, IFNG, FASLG, KLRD1, KLRG1
A7: T04 | B7: GZMK_inflammatory_memory_T | C7: GZMK inflammatory memory T | D7: =COUNTIF('TCR genes long'!$B$2:$B$242,B7) -> 13 | E7: GZMK, GZMA, CCL5, CCL4, CCL4L2, XCL1, XCL2, NKG7, DUSP2, CRTAM, EOMES, CXCR3, IL7R
A8: T05 | B8: Th1_Tc1_inflammatory | C8: Th1 Tc1 inflammatory | D8: =COUNTIF('TCR genes long'!$B$2:$B$242,B8) -> 13 | E8: TBX21, STAT4, CXCR3, IFNG, TNF, IL12RB2, CCL5, CCL4, NKG7, GZMB, PRF1, CXCR6, BHLHE40
A9: T06 | B9: Th17_Tc17_IL23_axis | C9: Th17 Tc17 IL23 axis | D9: =COUNTIF('TCR genes long'!$B$2:$B$242,B9) -> 14 | E9: RORC, CCR6, IL23R, IL17A, IL17F, IL22, IL26, KLRB1, AHR, CCL20, IL1R1, IL21, CXCR6, LTB
A10: T07 | B10: Chronic_stimulation_exhaustion_like | C10: Chronic stimulation exhaustion like | D10: =COUNTIF('TCR genes long'!$B$2:$B$242,B10) -> 15 | E10: PDCD1, LAG3, HAVCR2, TIGIT, CTLA4, TOX, TOX2, ENTPD1, SLAMF6, TNFRSF9, BATF, EOMES, PRDM1, LAYN, CXCL13
A11: T08 | B11: Tissue_resident_memory_mucosal_retention | C11: Tissue resident memory mucosal retention | D11: =COUNTIF('TCR genes long'!$B$2:$B$242,B11) -> 12 | E11: CD69, ITGAE, ITGA1, CXCR6, ZNF683, RUNX3, PRDM1, RGS1, CD101, DUSP6, AHR, CCR6
A12: T09 | B12: EOMES_ZEB2_inflammatory_CD8_TRM_like | C12: EOMES ZEB2 inflammatory CD8 TRM like | D12: =COUNTIF('TCR genes long'!$B$2:$B$242,B12) -> 12 | E12: EOMES, ZEB2, GZMB, GZMH, PRF1, NKG7, CX3CR1, KLRG1, TBX21, CCL5, CST7, FGFBP2
A13: T10 | B13: Gut_homing_intestinal_trafficking | C13: Gut homing intestinal trafficking | D13: =COUNTIF('TCR genes long'!$B$2:$B$242,B13) -> 13 | E13: ITGA4, ITGB7, ITGAE, CCR9, CCR6, CXCR3, CXCR6, SELPLG, S1PR1, KLF2, SELL, GPR183, CD69
A14: T11 | B14: Tph_Tfh_like_B_cell_help | C14: Tph Tfh like B cell help | D14: =COUNTIF('TCR genes long'!$B$2:$B$242,B14) -> 13 | E14: CXCL13, PDCD1, ICOS, MAF, TOX2, IL21, CD40LG, SLAMF6, TIGIT, CD200, CXCR5, BCL6, SH2D1A
A15: T12 | B15: Activated_Treg_suppressive_T_cell | C15: Activated Treg suppressive T cell | D15: =COUNTIF('TCR genes long'!$B$2:$B$242,B15) -> 14 | E15: FOXP3, IL2RA, CTLA4, TIGIT, IKZF2, IKZF4, TNFRSF18, TNFRSF4, BATF, CCR8, LAYN, ENTPD1, IL10, AREG
... A20: T17 | B20: Stress_dissociation_response | C20: Stress dissociation response | D20: =COUNTIF('TCR genes long'!$B$2:$B$242,B20) -> 12 | E20: FOS, JUN, JUNB, ATF3, DUSP1, HSPA1A, HSPA1B, HSPH1, DNAJB1, HSP90AA1, PPP1R15A, IER2

Sheet TCR genes long
A1: Module ID | B1: Module key | C1: Gene order | D1: Gene symbol
A2: T01 | B2: Naive_central_memory | C2: 1 | D2: CCR7
A3: T01 | B3: Naive_central_memory | C3: 2 | D3: SELL
A4: T01 | B4: Naive_central_memory | C4: 3 | D4: TCF7
A5: T01 | B5: Naive_central_memory | C5: 4 | D5: LEF1
A6: T01 | B6: Naive_central_memory | C6: 5 | D6: IL7R
A7: T01 | B7: Naive_central_memory | C7: 6 | D7: LTB
A8: T01 | B8: Naive_central_memory | C8: 7 | D8: MAL
A9: T01 | B9: Naive_central_memory | C9: 8 | D9: NOSIP
A10: T01 | B10: Naive_central_memory | C10: 9 | D10: SATB1
A11: T01 | B11: Naive_central_memory | C11: 10 | D11: BACH2
A12: T01 | B12: Naive_central_memory | C12: 11 | D12: KLF2
A13: T01 | B13: Naive_central_memory | C13: 12 | D13: S1PR1
... A242: T17 | B242: Stress_dissociation_response | C242: 12 | D242: IER2

Sheet Table S2 BCR modules
A1: Supplementary Table S2. BCR gene signatures used for module-score analyses
A2: Gene symbols and order reproduce the analysis scripts exactly; module numbering is assigned here for reporting convenience.
A3: Module ID | B3: Module key | C3: Display label | D3: Gene count | E3: Gene signature
A4: B01 | B4: resting_naive_B_cell | C4: Resting naive B cell | D4: =COUNTIF('BCR genes long'!$B$2:$B$247,B4) -> 15 | E4: IGHD, IGHM, TCL1A, IL4R, FCER2, CD72, BACH2, CCR7, SELL, CD22, MS4A1, CD79A, CD79B, BANK1, BCL2
A5: B02 | B5: resting_memory_B_cell | C5: Resting memory B cell | D5: =COUNTIF('BCR genes long'!$B$2:$B$247,B5) -> 12 | E5: CD27, TNFRSF13B, AIM2, GPR183, CD80, CD86, BANK1, MS4A1, CD79A, CD37, HLA-DRA, HLA-DPA1
A6: B03 | B6: atypical_memory_CD11c_age_associated_like_B_cell | C6: Atypical memory CD11c age associated like B cell | D6: =COUNTIF('BCR genes long'!$B$2:$B$247,B6) -> 14 | E6: FCRL5, FCRL4, ITGAX, TBX21, ZEB2, CXCR3, DUSP4, LYN, HOPX, TLR7, TLR9, FCGR2B, CD86, CD80
A7: B04 | B7: germinal_center_like_affinity_maturation | C7: Germinal center like affinity maturation | D7: =COUNTIF('BCR genes long'!$B$2:$B$247,B7) -> 12 | E7: AICDA, BCL6, RGS13, S1PR2, MME, CD38, FAS, MEF2B, LMO2, MKI67, BIRC5, STMN1
A8: B05 | B8: plasmablast_plasma_cell_differentiation | C8: Plasmablast plasma cell differentiation | D8: =COUNTIF('BCR genes long'!$B$2:$B$247,B8) -> 14 | E8: PRDM1, XBP1, IRF4, MZB1, SDC1, JCHAIN, SSR4, FKBP11, DERL3, TNFRSF17, SLAMF7, CD38, CD27, SEC11C
A9: B06 | B9: antibody_secretion_UPR | C9: Antibody secretion UPR | D9: =COUNTIF('BCR genes long'!$B$2:$B$247,B9) -> 15 | E9: XBP1, HSPA5, HSP90B1, HERPUD1, ATF4, ATF6, DDIT3, SEL1L, DNAJB9, PPIB, CALR, ERP44, DERL3, SEC61A1, SSR4
A10: B07 | B10: IgA_mucosal_plasma_cell | C10: IgA mucosal plasma cell | D10: =COUNTIF('BCR genes long'!$B$2:$B$247,B10) -> 10 | E10: IGHA1, IGHA2, JCHAIN, MZB1, XBP1, SDC1, TNFRSF17, CCR10, PRDM1, IRF4
A11: B08 | B11: IgG_inflammatory_plasma_cell | C11: IgG inflammatory plasma cell | D11: =COUNTIF('BCR genes long'!$B$2:$B$247,B11) -> 11 | E11: IGHG1, IGHG2, IGHG3, IGHG4, JCHAIN, MZB1, XBP1, SDC1, PRDM1, IRF4, CXCR4
A12: B09 | B12: IgM_IgD_unswitched_B_cell | C12: IgM IgD unswitched B cell | D12: =COUNTIF('BCR genes long'!$B$2:$B$247,B12) -> 11 | E12: IGHM, IGHD, TCL1A, FCER2, CD72, CCR7, SELL, BACH2, MS4A1, CD79A, CD79B
A13: B10 | B13: IFN_imprinted_B_cell | C13: IFN imprinted B cell | D13: =COUNTIF('BCR genes long'!$B$2:$B$247,B13) -> 16 | E13: IFI6, IFI27, IFI44L, ISG15, MX1, MX2, IFIT1, IFIT2, IFIT3, OAS1, OAS2, OAS3, IRF7, STAT1, CXCL10, ISG20
A14: B11 | B14: B_cell_antigen_presentation | C14: B cell antigen presentation | D14: =COUNTIF('BCR genes long'!$B$2:$B$247,B14) -> 13 | E14: HLA-DRA, HLA-DRB1, HLA-DPA1, HLA-DPB1, HLA-DQA1, HLA-DQB1, CD74, CIITA, HLA-DMA, HLA-DMB, CD86, CD80, CD40
A15: B12 | B15: BCR_NFkB_activation | C15: BCR NFkB activation | D15: =COUNTIF('BCR genes long'!$B$2:$B$247,B15) -> 15 | E15: CD69, NR4A1, NR4A2, DUSP2, DUSP4, FOS, JUNB, NFKBIA, NFKBIZ, TNFAIP3, REL, BCL2A1, CD83, CD86, IRF4
... A22: B19 | B22: cell_cycle_proliferating_B_cell | C22: Cell cycle proliferating B cell | D22: =COUNTIF('BCR genes long'!$B$2:$B$247,B22) -> 15 | E22: MKI67, TOP2A, STMN1, TYMS, PCNA, MCM2, MCM3, MCM4, MCM5, MCM6, MCM7, HMGB2, CENPF, UBE2C, PCLAF

Sheet BCR genes long
A1: Module ID | B1: Module key | C1: Gene order | D1: Gene symbol
A2: B01 | B2: resting_naive_B_cell | C2: 1 | D2: IGHD
A3: B01 | B3: resting_naive_B_cell | C3: 2 | D3: IGHM
A4: B01 | B4: resting_naive_B_cell | C4: 3 | D4: TCL1A
A5: B01 | B5: resting_naive_B_cell | C5: 4 | D5: IL4R
A6: B01 | B6: resting_naive_B_cell | C6: 5 | D6: FCER2
A7: B01 | B7: resting_naive_B_cell | C7: 6 | D7: CD72
A8: B01 | B8: resting_naive_B_cell | C8: 7 | D8: BACH2
A9: B01 | B9: resting_naive_B_cell | C9: 8 | D9: CCR7
A10: B01 | B10: resting_naive_B_cell | C10: 9 | D10: SELL
A11: B01 | B11: resting_naive_B_cell | C11: 10 | D11: CD22
A12: B01 | B12: resting_naive_B_cell | C12: 11 | D12: MS4A1
A13: B01 | B13: resting_naive_B_cell | C13: 12 | D13: CD79A
... A247: B19 | B247: cell_cycle_proliferating_B_cell | C247: 15 | D247: PCLAF

Sheet QC
A1: Extraction and consistency checks
A3: Check | B3: TCR | C3: BCR | D3: Interpretation
A4: Module definitions match duplicate scripts | B4: PASS | C4: PASS | D4: Primary and secondary analysis scripts contain identical ordered signatures.
A5: Module count | B5: 17 | C5: 19 | D5: Number of named signatures.
A6: Gene-membership rows | B6: 241 | C6: 246 | D6: Total module–gene associations; genes shared across modules are counted repeatedly.
A7: Unique genes | B7: 166 | C7: 153 | D7: Distinct HGNC-style symbols across all signatures in each compartment.
A8: Within-module duplicate genes | B8: 0 | C8: 0 | D8: Expected value: 0.
A9: Source parser status | B9: PASS | C9: PASS | D9: All named list entries and quoted gene symbols were parsed.
A10: Workbook formula check | D10: Gene counts in Tables S1 and S2 are formula-derived from the long-format sheets.
